M_p-low_s-slow_e-low|Ask a low-pitched man to speak slowly with low energy;Ask a man to speak slowly with low volume and low pitch;Ask a man to speak slowly, his pitch and volume are low;Ask a man with a low pitch to speak slowly, his energy is low;Command a man with a high-pitched voice to speak slowly and with low energy;Command a man with a low pitch to speak slowly, his energy is low;Encourage a man with a high-pitched voice to speak slowly and with low energy;Instruct a man with a high-pitched voice to speak slowly and with low energy;Instruct a man with a low pitch to speak slowly, his energy is low;Request a man with a high-pitched voice to speak slowly and with low energy;Request a man with a low pitch to speak slowly, his energy is low;Tell a man with a low pitch to speak slowly, his energy is low;Urge a man with a high-pitched voice to speak slowly and with low energy;ask a low-pitched man to speak slowly with low energy;ask a man to speak slowly with low volume and low pitch;ask a man to speak slowly, his pitch and volume are both low;ask a man to speak slowly, his pitch and volume are low;ask a man to speak slowly, his voice is low in pitch and volume;ask a man to speak slowly, his voice is low-pitched and low-volume;let a high-pitched man to speak slowly with low energy;request a man to speak slowly, his pitch and volume are low
M_p-low_s-slow_e-normal|A man at low speaking speed and low pitch speaks with normal volume;A man spoke slowly with normal volume and low pitch;A man with a low pitch spoke slowly and at a normal decibel level;A man with a low pitch spoke slowly and at a normal volume;A man with a low pitch spoke slowly and with a normal volume;A man with a low pitch spoke slowly with normal volume;A man with a low-pitched voice speaks slowly and at a normal decibel level;A man with a low-pitched voice speaks slowly and at a normal volume;A man with a low-pitched voice speaks slowly and with a normal decibel level;A man with a low-pitched voice speaks slowly and with a normal sound level;A man with a low-pitched voice speaks slowly and with a normal volume;A man with a low-pitched voice spoke slowly with normal volume;A man with low pitch and normal energy speaks slowly;A man with low pitch and normal volume speaks slowly;A man with low pitch and slow speaking speed speaks at a normal volume;A man with low pitch and slow speaking speed speaks at a normal volume level;A man with low pitch and slow speaking speed speaks with a normal sound level;A man with low pitch and slow speaking speed speaks with a normal volume;A man with low pitch and slow speaking speed speaks with normal volume;A man with low pitch said slowly with normal volume;A man with low pitch speaks slowly with normal volume;A man with low pitch spoke slowly with normal volume;Ask a low-pitched man to speak slowly but in normal volume;Ask a man to speak slowly with normal volume and low pitch;This man speaks slowly with low pitch and normal volume;ask a low-pitched man to speak slowly but in normal volume;ask a man to speak slowly with normal volume and low pitch;this man speaks slowly with low pitch and normal energy
M_p-low_s-slow_e-high|A gentleman speaks slowly with low pitch and loudly;A gentleman with a deep voice speaks slowly and loudly;A gentleman with a slow and loud voice speaks with a low pitch;A low-pitched male said slowly and loudly;A man speaks slowly and loudly with low pitch and high volume;A man speaks slowly with low pitch and high volume;A man with a low pitch speaks slowly and loudly;A man with a low voice speaks slowly and loudly;A man with a low-pitched voice speaks slowly and loudly;A man with a low-pitched voice spoke slowly and loudly;A man with a low-pitched voice spoke slowly and with a loud tone;A man with a low-pitched voice spoke slowly and with great volume;A man with low pitch and high volume speaks slowly;A man with low pitch and high volume speaks slowly and loudly;A man with low pitch and slow speed speaks loudly;A man with low pitch speaks slowly and loudly;A man with low pitch speaks slowly and loudly with high energy;A man with low pitch speaks slowly and with high energy;A man with low pitch speaks slowly and with high intensity;A man with low pitch speaks slowly and with high volume;A slow-speaking man with low pitch speaks loudly;He speaks loudly with slow speaking speed and low pitch;ask a man to speak slowly with low pitch and high volume;let a low-pitched man speak slowly but in high energy
M_p-low_s-normal_e-low|A low-pitched male speaks in low pitch and low volume;A low-pitched male voice speaks with standard speed and low energy;A low-pitched male voice speaks with standard speed and low volume;A male character speaks in low pitch and low volume;A male individual speaks in low pitch and low volume;A male person speaks in low pitch and low volume;A male speaks in low pitch and low volume;A male speaks with a low pitch, normal speed and low volume;A male speaks with low pitch and normal speed;A male voice is low-pitched and low-energy;A male voice speaks in low pitch and low volume;A male voice speaks with low pitch, normal speed and low volume;A male with low-pitched voice speaks in low volume and low pitch;A man speaks in low pitch and low volume;A man speaks with a low pitch, normal speed and low volume;A man speaks with low pitch and low volume;A man speaks with low pitch, normal speed and low volume;A man with low-pitched voice speaks in low volume and low pitch;A man with low-pitched voice speaks with standard speaking speed and low volume;A man with low-pitched voice speaks with standard speed and low energy;A man with low-pitched voice speaks with standard speed and low volume;A man's voice speaks with low pitch, normal speed and low volume;He speaks with a low-pitched voice and low volume;He talks with low pitch, low energy and normal speaking speed;a low-pitched man speaks with standard speaking speed and low energy;ask a man to speak with low pitch, normal speed and low volume
M_p-low_s-normal_e-normal|A man with a low pitch says in normal volume and normal speaking speed;A man with a low pitch speaks in normal volume and normal speed;A man with a low pitch speaks in normal volume and normal talking speed;A man with a low voice level speaks at a normal volume and normal pace;A man with a low-pitched voice speaks with normal volume and normal rate;Ask a low-pitched man to speak normally with standard speed and volume;Ask a low-pitched man to speak with normal speed and normal energy;Ask a man to speak in a low pitch, normal speed, and normal energy;Ask a man to speak in low pitch, normal speed and normal energy;Ask a man with a low pitch to speak at a normal speed and energy level;Ask a man with a low pitch to speak at a normal volume and speed;Command a man to speak in a low pitch, normal speed, and normal energy;Command a man with a low pitch to speak with normal speed and volume;Direct a man with a low pitch to speak with normal speed and energy;Instruct a man to speak in a low pitch, normal speed, and normal energy;Instruct a man with a low-pitched voice to speak at a standard speed and volume;Instruct a man with a low-pitched voice to speak with normal speed and energy;Let a man speak with a low pitch, normal volume and normal talking speed;Request a man to speak with a low pitch, normal speed, and normal energy;Request a man with a low-pitched voice to speak with normal speed and energy;Request a man with a low-pitched voice to speak with standard speed and volume;Tell a man to speak with a low pitch, normal speed, and normal energy;Tell a man with a low pitch to speak with normal speed and energy;Tell a man with a low pitch to speak with normal speed and volume;ask a low-pitched man to speak normally with standard speed and volume;ask a low-pitched man to speak with normal speed and normal energy;ask a man to speak in low pitch, normal speed and normal energy
M_p-low_s-normal_e-high|A man who has a loud voice, low pitch and normal speed;A man who have a loud voice but low pitch and normal speed;A man who speaks with a loud voice but low pitch and normal speed;A man who speaks with a loud voice, low pitch and normal speed;A man with a loud sound, ask him to speak with low pitch and normal speed;A man with a loud sound, ask him to speak with low pitch and normal speed, please;A man with a loud voice and low pitch, speaking at a normal speed;A man with a loud voice but low pitch and normal speed;A man with a loud voice, low pitch and normal speed;Ask a man to speak with a loud voice but a low pitch and normal speed;Ask a man to speak with a loud voice but a low pitch with standard speaking speed;Ask a man to speak with a loud voice but low pitch and normal speed;Ask a man to speak with a low pitch, normal speed and high energy;Ask a man to speak with low pitch and normal speed, with a loud sound;Ask a man with a loud sound to speak with low pitch and normal speed;Command a man to speak with a low pitch, normal speed and high energy;Command a man to speak with low pitch, normal speed and high energy;Instruct a man to speak loudly but with a low pitch and normal speed;Instruct a man to speak with a low pitch, normal speed and high energy;Request a man to speak with a loud sound but a low pitch and normal speed;Request a man to speak with a low pitch, normal speed and high energy;Speak with a loud sound, ask a man to speak with low pitch and normal speed;Tell a man to speak loudly but with a low pitch and normal speed;Tell a man to speak with a low pitch, normal speed and high energy;ask a man to speak with low pitch, normal speed and high energy;ask a man with a loud sound to speak with low pitch and normal speed;tell a man to speak loudly but pitch is low with normal speaking speed
M_p-low_s-fast_e-low|Ask a low-pitched male to speak quickly and in a low volume;Ask a low-pitched male to speak quickly and in small volume;Ask a low-pitched male to speak quickly and with low volume;Ask a low-pitched male with fast speaking speed and small volume;Ask a low-pitched man to speak quickly and in small volume;Ask a low-pitched man to speak quickly and with low volume;Ask a low-pitched man to speak quickly with small energy;Ask a low-pitched man with fast speaking speed and small volume;Ask a man to speak fast but with low pitch and low volume;Ask a man to speak quickly with a low pitch and low volume;Command a man to speak fast with a low pitch and low volume;Direct a low-pitched male to speak quickly and with a small voice;Direct a man to speak quickly with a low pitch and low volume;Instruct a low-pitched male to speak quickly and with a small volume;Instruct a man to speak quickly with a low pitch and low volume;Request a man to speak fast with a low pitch and low volume;ask a low-pitched male to speak quickly and in small volume;ask a low-pitched male to speak quickly and with low volume;ask a low-pitched man with fast speaking speed and small volume;ask a man to speak fast but with low pitch and low volume
M_p-low_s-fast_e-normal|A low-pitched male speaks fast with normal volume;A low-pitched voice speaks fast with normal power;A male with a low-pitched voice speaks quickly and with normal power;A male with a low-pitched voice speaks rapidly and with normal intensity;A man speaks quickly with a low pitch and normal volume;A man with a low pitch speaks fast with normal volume;A man with a low-pitched voice speaks fast and at a normal loudness;A man with low pitch speaks quickly and at a normal volume;Ask a man to speak with a low pitch and fast speaking speed, while maintaining normal power;Ask a man to speak with low pitch and fast speed, while maintaining a normal volume;Ask a man to speak with low pitch, fast speaking speed and normal power;Ask a man with low pitch to speak quickly, but maintain a normal energy level;Command a man to speak with a low pitch and a fast speaking speed, while keeping the volume normal;Command a man with a low-pitched voice to speak quickly, but keep his energy level normal;Direct a man to speak quickly, with a low pitch and a normal volume;Direct a man to speak with a low pitch, fast speaking speed, and normal power;He speaks fast with a low pitch and normal power;He speaks fast with low pitch and normal power;Instruct a man to speak at a fast pace, while keeping his pitch low and his volume normal;Instruct a man to speak with a low pitch, fast speaking speed, and normal power;Request a man to speak quickly, but with a low pitch and a normal volume;Request a man to speak with a low-pitched voice, fast speech, and normal volume;Request a man with a low-pitched voice to speak rapidly, while keeping his energy level normal;Tell a man to speak with a low-pitched voice, fast speech, and normal volume;Tell a man with a low-pitched voice to speak fast, but maintain a normal energy level;ask a low-pitched man to speak fast but in normal energy;ask a man to speak fast but with low pitch and normal volume;ask a man to speak with low pitch, fast speaking speed and normal power
M_p-low_s-fast_e-high|A low-pitched male speaks fast with high power;A male with a low-pitched voice speaks fast and with high energy;A male with a low-pitched voice speaks fast and with high intensity;A man with a low voice speaks fast and loudly;A man with a low voice speaks fast and with high volume;A man with a low voice speaks quickly and loudly;A man with a low voice speaks quickly and loudly with high energy;A man with a low voice speaks quickly and with high amplitude;A man with a low voice speaks quickly and with high energy;A man with a low voice speaks quickly and with high power;A man with a low voice speaks quickly and with high volume;A man with a low voice speaks quickly and with high volume and energy;A man with a low-pitched voice speaks fast and loudly with high energy;A man with a low-pitched voice speaks fast and with high energy;Ask a man to speak quickly and loudly with a low pitch;Ask a man to speak with a low pitch and high energy, but quickly and loudly;Ask a man to speak with a low pitch and high volume, but quickly;Ask a man to speak with a low voice and high energy, but fast and loudly;Ask a man to speak with a low voice and high volume, but fast;Ask a man with a low voice to speak quickly and loudly;He speaks loudly with fast talking speed and low pitch;a low-pitched man speaks with fast speaking speed and high energy;ask a man to speak fast but low pitch and high volume;ask a man with low voice to speak quickly and loudly
M_p-normal_s-slow_e-low| ask a man to speak slowly with normal pitch and low energy;Ask a man to say at a low volume of speech at a slower speaking speed;Ask a man to use a normal pitch and low volume to say slowly;Ask a man to use a normal pitch and low volume to say slowly, please;Ask a man to use normal pitch and low volume to say slowly;Can I ask a man to speak slowly with normal pitch and low energy?;Can I ask a man to speak slowly with normal pitch and low volume?;Can I ask a man to speak slowly, with normal pitch and low volume?;Can I inquire about asking a man to speak at a low volume, normal pitch, and a slower speed of sound?;Can I request a man to speak at a low volume with a normal pitch and a slow speed of sound?;Can I request a man to use normal pitch and low volume to say slowly?;Can you ask a man to speak at a low volume with a slower pitch and a low speed of sound?;Can you ask a man to speak at a low volume with a slower speed of sound?;Can you ask a man to speak slowly with normal pitch and low energy?;Can you ask a man to use a low volume of speech with a slower speaking speed?;Can you kindly ask a man to speak slowly with normal pitch and low energy?;Is it okay to request a man to say something at a low volume, normal pitch, and a slower speed of sound?;Is it possible to ask a man to say at a low volume with normal pitch and a slow speed of sound?;Is it possible to ask a man to say something at a low volume, normal pitch, and slow speed?;May I ask a man to say at a low volume with a slower speaking rate?;May I ask a man to speak at a low volume with normal pitch and a slower speaking speed?;May I ask a man to use a normal pitch and low volume to say slowly?;May I inquire a man to use a normal pitch and low volume to say slowly?;May I request a man to speak at a low volume with normal pitch and a slow speed of sound?;May I request a man to speak slowly with a low volume of sound?;May I request a man to use a normal pitch and low volume to say slowly?;May i ask a man to say at a low volume at a normal pitch and a low speed of sound;May i ask a man to say at a low volume with normal pitch and a slow speed of sound;Would you ask a man to speak slowly with normal pitch and low energy?;Would you mind asking a man to speak slowly with normal pitch and low energy?;ask a man to speak slowly with normal pitch and low energy
M_p-normal_s-slow_e-normal|A man speaks in a normal pitch slowly with normal volume;A man speaks slowly with normal pitch and normal volume;A man speaks slowly with normal pitch and volume;A man speaks slowly, with a normal pitch and a normal volume;A man speaks slowly, with a normal pitch and volume;A man speaks slowly, with normal pitch and volume;A man speaks with a normal pitch and normal volume, but slowly;A man speaks with a normal pitch and slow speed;A man speaks with a slow speed, a normal pitch and volume;A man speaks with a slow speed, normal pitch and volume;A man speaks with slow speaking speed, normal pitch and normal volume;A man spoke slowly with a normal volume and standard pitch;A man spoke slowly with a standard volume and normal pitch;Ask a man to speak slowly but with normal pitch and normal volume;This man said slowly with standard volume and normal pitch;This man spoke slowly with a normal volume and standard pitch;This man spoke slowly with a standard volume and normal pitch;a man speaks with slow speaking speed, normal pitch and normal volume;ask a man to speak slowly but with normal pitch and normal volume;this man said slowly with standard volume and normal pitch
M_p-normal_s-slow_e-high|Ask a man to speak with a normal pitch and slow talking speed, and high energy;Ask a man to speak with normal pitch and slow talking speed, and high energy;Ask a man to speak with normal pitch, slow talking speed and high energy;Ask a man with a loud voice and say a word slowly;Ask a man with a loud voice to articulate slowly;Ask a man with a loud voice to pronounce slowly;Ask a man with a loud voice to say slowly;Ask a man with a loud voice to speak slowly;Ask a man with loud sound to articulate slowly;Ask a man with loud sound to pronounce slowly;Ask a man with loud sound to say slowly;Ask a man with loud sound to speak slowly;Ask a man with loud voice to say slowly;Let a man speak slowly with high energy and normal pitch;Let a man with high energy and normal pitch speak slowly;Request a man with a loud voice to say a word slowly;ask a man to speak with normal pitch, slow talking speed and high energy;let a man speak slowly with high energy and normal pitch
M_p-normal_s-normal_e-low|He speaks quietly, but his speech has a normal pitch and a standard talking speed;He speaks with a low volume, but his speech has a normal pitch and a standard talking speed;He speaks with a low volume, but his speech has a normal pitch and normal speaking speed;He speaks with a low volume, but his speech is at a standard pace;He speaks with a low volume, but his speech is normal;He speaks with low energy, but the pitch is normal and the speed is standard;He speaks with low volume, but the pitch is normal and the speed is standard;He speaks with low volume, but the speed is normal;he speaks with low volume but speaks normally with standard speaking speed;ask a man to speak with low energy but normal pitch and normal speaking speed;he speaks with low volume but the speech has normal pitch and standard talking speed;he speaks with low volume, but his speech has normal pitch and normal speaking speed;his voice is small in volume, but the speed is normal
M_p-normal_s-normal_e-normal|A man speaks in average speaking speed with a normal pitch and normal volume;A man speaks with a normal pitch, speed, and volume;A man speaks with a normal volume, average speaking speed, and normal pitch;A man speaks with a normal volume, normal pitch, and average speaking speed;A man speaks with a normal volume, normal speaking speed, and normal pitch;A man speaks with a normal volume, standard pitch, and normal speaking speed;A man speaks with a normal volume, standard speaking speed, and normal pitch;A man speaks with a regular pitch, speed, and volume;A man speaks with a standard pitch, speed, and volume;A man speaks with a typical pitch, speed, and volume;A man speaks with an average pitch, speed, and volume;A man speaks with average pitch, normal volume and average speaking speed;A man speaks with normal pitch, average speaking speed and normal volume;A man speaks with normal volume, average pitch and normal speaking speed;A man speaks with normal volume, average speaking speed and standard pitch;A man speaks with normal volume, normal pitch and average talking speed;A man speaks with normal volume, normal pitch and normal talking speed;A man speaks with normal volume, normal pitch and regular talking speed;A man speaks with normal volume, normal pitch and standard talking speed;A man speaks with normal volume, normal pitch and typical talking speed;A man speaks with normal volume, standard pitch and average speaking speed;A man speaks with normal volume, standard speaking speed and normal pitch;ask a man to speak normally with normal pitch, speed, and volume
M_p-normal_s-normal_e-high| ask a man to speak normal pitch, normal speed and high energy;A man speaks with high volume and normal pitch, speaking at a normal speed;A man speaks with high volume, normal pitch, and a normal speaking speed;A man speaks with high volume, normal pitch, and a speed that is normal;A man speaks with high volume, normal pitch, and a speed that is typical;A man speaks with high volume, normal pitch, and normal speaking speed;He said loudly with normal speed and high pitch;He speaks loudly with normal speed and high pitch;He speaks with a high volume, normal speed and a high pitch;He speaks with high energy, normal pitch and normal speed;He speaks with high volume and normal speed, with a high pitch;He speaks with normal pitch and high energy, at a normal speed;He speaks with normal pitch and normal speed, but with high energy;He speaks with normal pitch, high energy and normal speed;He speaks with normal pitch, normal speed and high energy;He spoke loudly with normal speed and a high pitch;He spoke loudly with normal speed and high pitch;He spoke loudly, with normal speed and a high pitch;He spoke loudly, with normal speed and a high-pitched voice;He spoke with a loud voice and normal speed, with a high pitch;He spoke with high volume and normal speed, with a high pitch;a man speaks with high volume but normal pitch and normal speaking speed
M_p-normal_s-fast_e-low|Ask a man to speak fast with normal pitch and low energy;Ask a man to speak quickly with a normal pitch and low energy;Ask a man to speak quickly with low energy and standard pitch;Ask a man to speak quickly, with a normal pitch and low energy;Ask a man to speak with a normal pitch and a fast speaking speed, while keeping the energy low;Ask a man to speak with a normal pitch, but speak quickly and with low energy;Ask a man to speak with a normal pitch, but with a fast speaking speed and low energy;Ask a man to speak with a normal pitch, but with a fast speaking speed and low volume;Ask a man to speak with a normal pitch, but with a quick pace and low volume;Ask a man to speak with a normal pitch, but with a quick tempo and low volume;Ask a man to speak with a standard pitch, but with a fast pace and low energy;Ask a man to speak with a standard pitch, but with a quick pace and low energy;He speaks with a fast speaking speed and normal pitch and low volume;He speaks with a low volume and fast speaking speed and normal pitch;He speaks with a normal pitch and fast speaking speed and low volume;He speaks with a normal pitch and low volume, and his speaking speed is fast;He speaks with fast speaking speed and normal pitch and low volume;His pitch is normal, but his speaking speed is fast and his volume is low;His pitch is normal, but his speaking speed is fast, and his volume is low;His pitch is normal, but the speed is fast, and the volume is low;His speaking speed is fast, and his pitch is normal, and his volume is low;ask a man to speak fast with normal pitch and low energy;ask a man to speak quickly with low energy and standard pitch;he speaks with fast speaking speed and normal pitch and low volume
M_p-normal_s-fast_e-normal| a man speaks quickly with standard pitch and standard energy;A male voice speaks fast with normal pitch and normal volume;A male who speaks quickly has normal pitch and volume;A male's pitch and volume are typical when he speaks quickly;A man speaks quickly with a normal pitch and standard energy;A man speaks quickly with a normal pitch and standard volume;A man speaks quickly with a standard pitch and normal energy;A man speaks quickly with a standard pitch and normal volume;A man speaks quickly with a standard pitch and standard energy;A man speaks quickly with normal pitch and normal volume;A man speaks quickly with normal pitch and standard volume;A man speaks quickly with standard pitch and standard energy;A man's pitch and volume are normal when he speaks quickly;A man's pitch and volume are standard when he speaks quickly;A man's voice that speaks quickly has a normal pitch;A man's voice that speaks quickly is normal in pitch;A quick-talking man's voice is normal in pitch;Ask a male to speak quickly, his pitch and volume are normal;Ask a man to speak quickly, his pitch and volume are normal;Let a man speak fast with normal pitch and normal volume;Let us use the voice of a fast speaking man, his pitch is normal;Let's use a man's voice that speaks quickly and has a normal pitch;Let's use a man's voice that speaks quickly and has a normal pitch and volume;This man speaks quickly with normal pitch and standard volume;When a male speaks quickly, his pitch and volume remain normal;ask a male to speak quickly, his pitch and volume are normal;ask a man to speak fast but with normal pitch and normal volume;let us use the voice of a fast speaking man, his pitch is normal;this man speaks quickly with normal pitch and standard volume
M_p-normal_s-fast_e-high| a man speaks quickly with average pitch and high volume;A man speaks fast with average pitch and high energy;A man speaks fast with average pitch and high volume;A man speaks fast with normal pitch and high energy;A man speaks quickly with a loud voice and average pitch;A man speaks quickly with average pitch and high volume;A man speaks quickly with normal pitch and high volume;Ask a man to quickly say a word with a loud voice;Ask a man to quickly say a word with a loud voice and average pitch;Ask a man to quickly say a word with a loud voice and normal pitch;Ask a man to quickly say something with normal pitch and high energy;Ask a man to quickly speak with a high volume and normal pitch;Ask a man to quickly speak with a normal pitch and high volume;Ask a man to quickly speak with average pitch and high volume;Ask a man to quickly talk with a high volume and normal pitch;Ask a man to quickly talk with normal pitch and high volume;Ask a man to say a word with a loud voice and fast speaking speed and average pitch;Ask a man to say a word with a loud voice and fast speaking speed and normal pitch;Ask a man to say a word with a loud voice and fast speed;Ask a man to say something with a loud voice and fast speaking speed and normal pitch;Ask a man with a loud voice to quickly say a word;Ask a man with a loud voice to quickly say a word with average pitch;Ask a man with a loud voice to quickly say a word with normal pitch;Ask a man with a loud voice to say a word fast with average pitch;Ask a man with a loud voice to say a word quickly;Ask a man with a loud voice to say a word quickly with average pitch;Ask a man with a loud voice to say a word quickly with normal pitch;a man speaks fast with normal pitch and high energy;ask a man to say a word with a loud voice and fast speaking speed and normal pitch
M_p-high_s-slow_e-low| a man speaks with slow speaking speed, high pitch, and low volume; ask a man to speak slowly with high pitch and low energy;A man speaks slowly with a high-pitched voice and low volume;A man speaks slowly with low volume and high-pitched voice;A man speaks slowly, with a high pitch and low energy;A man speaks slowly, with a high pitch and low volume;A man speaks slowly, with a high pitch and low-energy voice;A man speaks slowly, with a high-pitched voice and low energy;A man speaks slowly, with a high-pitched voice and low volume;A man speaks slowly, with a low volume and a high-pitched voice;A man speaks slowly, with a low volume and high-pitched voice;A man speaks slowly, with low volume and a high-pitched voice;A man speaks with a high-pitched voice, slow speed, and low volume;A man speaks with a low volume, high-pitched voice, and slow speed;He speaks slowly, but with a high-pitched voice and low volume;He speaks slowly, with a low-energy voice and high pitch;a man speaks with slow speaking speed, high pitch, and low volume;ask a man to speak slowly with high pitch and low energy;he speaks slowly, but with high pitch and low volume;high pitched, slow speaking, low volume, man
M_p-high_s-slow_e-normal| a man speaks slowly with normal volume and high pitch; ask a man to speak slowly with high pitch and normal volume;A man speaking slowly, but the sound is high-pitched and volume is normal;A man speaking slowly, with a high pitch and normal volume;A man speaks slowly with normal volume and high pitch;A man speaks slowly, but his pitch is high and volume is average;A man speaks slowly, but his pitch is high and volume is high;A man speaks slowly, but his pitch is high and volume is low;A man speaks slowly, but his pitch is high and volume is moderate;A man speaks slowly, but his pitch is high and volume is normal;A man speaks slowly, with a high pitch and average volume;A man speaks slowly, with a high pitch and normal volume;A man speaks slowly, with a high-pitched voice and average volume;A man speaks slowly, with a high-pitched voice and normal volume;A man speaks slowly, with a normal volume and high pitch;A man talking slowly, but the sound is high-pitched and volume is normal;A man who speaks slowly, but he has a high pitch and low energy;A man who speaks slowly, but his voice is high-pitched and low-amplitude;A man who speaks slowly, but his voice is high-pitched and low-decibel;A man who speaks slowly, but his voice is high-pitched and low-energy;A man who speaks slowly, but his voice is high-pitched and low-intensity;A man who speaks slowly, but his voice is high-pitched and low-volume;A man who speaks slowly, with a high pitch and normal volume;Ask a man to speak slowly with high pitch and normal volume
M_p-high_s-slow_e-high| a high-pitched man speaks slowly with high volume;A high-pitched man speaks slowly with high volume;A man speaks loudly and slowly, but with a high pitch;A man speaks loudly and with a high pitch, but slowly;A man speaks loudly with high pitch and high energy;A man speaks loudly with high pitch but slowly;A man speaks slowly and loudly with high pitch;A man speaks slowly and with a high pitch, but loudly;A man speaks slowly with a high pitch and a high-energy voice;A man speaks slowly with a high pitch and a high-pitched voice;A man speaks slowly with a high pitch and a loud, high-pitched voice;A man speaks slowly with a high pitch and high energy;A man speaks slowly with a high pitch and loud volume;A man speaks slowly with high pitch and high energy;A man speaks slowly with high pitch and high volume;A man speaks slowly with high pitch but loudly;A man with a high-pitched voice speaks slowly and loudly;A man with a high-pitched voice speaks slowly and with high volume;A man with a high-pitched voice speaks slowly, but loudly;A man with a high-pitched voice speaks slowly, but with high volume;A man with a high-pitched voice speaks slowly, with high volume;Ask a man speaks slowly with high pitch and high energy;This man said loudly and his speed is slow, but the pitch is high;This man speaks slowly and loudly, but with high pitch;This man speaks slowly and loudly, with a high pitch;This man speaks with a high pitch, slowly and loudly;ask a man speaks slowly with high pitch and high energy;this man speaks slowly and loudly, but with high pitch
M_p-high_s-normal_e-low|A high-pitched man speaks with normal speed and low volume;A high-pitched man with low volume and normal speed;A man speaks with high pitch, normal talking speed and low energy;A man with a high-pitched voice speaks at a normal speed and low volume;A man with a high-pitched voice speaks with a normal speed and low volume;A man with a high-pitched voice speaks with low volume and normal speed;A man with a high-pitched voice speaks with normal speed and low volume;A man with a high-pitched voice speaks with normal speed, low volume, and normal energy;A man with high pitch, low volume and normal speed;A man with high pitch, normal speed and low volume;Ask a high-pitched man to speak with normal speaking speed and low volume;Ask a man with a high-pitched voice to speak with normal speed and low volume;Create a man with a high-pitched voice for me, and his volume is low and speed is normal;Create a man with a high-pitched voice, low volume, and normal speed for me;I want a man with a high pitch but low volume and normal speaking speed;I want a man with a high-pitched voice, low volume, and normal speed;I want a man with high pitch but low volume and normal speaking speed;Let me ask a high-pitched man to speak with low volume and normal talking speed;Let me ask a man with a high-pitched voice to speak with low volume and normal speed;Let me request a man with a high-pitched voice to speak with low volume and normal speed;a man speaks with high pitch, normal talking speed and low energy;ask a high-pitched man to speak with normal speaking speed and low volume;let me ask a high-pitched man to speak with low volume and normal talking speed
M_p-high_s-normal_e-normal|A gentleman with a high-pitched voice speaks with normal energy and normal speaking speed;A high-pitched man speaks with standard speed and normal volume;A man with a high-pitched voice speaks at a standard speed and normal volume;A man with a high-pitched voice speaks with normal energy and normal speaking speed;A man with a high-pitched voice speaks with normal energy and normal volume;A man with a high-pitched voice speaks with normal energy and normal volume at a standard speed;A man with a high-pitched voice speaks with normal energy and standard speaking speed;A man with a high-pitched voice speaks with normal energy and standard speed at normal volume;A man with a high-pitched voice speaks with normal speed and average volume;A man with a high-pitched voice speaks with normal speed and normal volume;a gentleman speaks with high pitch, normal energy and normal speaking speed;a high-pitched man speaks with standard speed and normal volume;a man speaks with high pitch, normal energy and normal speaking speed;ask a high-pitched man to speak with normal speaking speed and normal energy;ask a high-pitched man to talk with normal speed and average volume;ask a man to speak with high pitch and normal energy but standard articulation speed;ask a man to speak with high pitch and normal energy but standard speaking rate;ask a man to speak with high pitch and normal energy but standard speaking speed;ask a man to speak with high pitch and normal energy but standard speech speed;ask a man to speak with high pitch and normal energy but standard talking speed;ask a man to speak with normal energy, normal speed and high pitch;ask a man with high-pitched voice to speak with average energy and normal speed;ask a man with high-pitched voice to speak with normal energy and normal speed;ask a man with high-pitched voice to speak with normal speed and average volume;ask a man with high-pitched voice to speak with normal speed and normal energy;ask a man with high-pitched voice to speak with normal volume and normal speed;ask a man with high-pitched voice to talk with normal energy and average volume;ask a man with high-pitched voice to talk with normal energy and normal speed;ask a man with high-pitched voice to talk with normal speed and average volume;let us ask a man to talk normally with high pitch
M_p-high_s-normal_e-high| a man speaks with high pitch, normal talking speed and normal power;A high-pitched man is asked to speak loudly at a normal speed;A man speaks with a high pitch, normal talking speed and normal power;A man speaks with a high pitch, normal talking speed, and normal intensity;A man speaks with a high pitch, normal talking speed, and normal power;A man speaks with a high pitch, normal talking speed, and normal volume;A man speaks with a high-pitched voice, normal talking speed, and normal power;A man speaks with a high-pitched voice, normal talking speed, and normal volume;A man speaks with high pitch, normal speed and high energy;A man speaks with high pitch, normal speed and high energy level;A man speaks with high pitch, normal talking speed and high energy;A man speaks with high pitch, normal talking speed and normal power;A man speaks with normal talking speed and high power, and a high pitch;A man with a high-pitched voice is asked to speak loudly and at a normal speed;A man with a high-pitched voice is asked to speak loudly at a normal speed;Ask a man to speak with a high pitch, normal talking speed and normal power;Ask a man to speak with high pitch, normal speed and high energy;Ask a man to speak with high pitch, normal speed and normal power;Ask a man to speak with high pitch, normal talking speed and high energy;Ask a man to speak with high pitch, normal talking speed and high power;High pitch sound, man, loud volume, but standard speaking speed;ask a high-pitched man to speak loudly with normal speaking speed;ask a man to speak with high pitch, normal sped and high energy;high pitch sound, man, loud volume, but standard speaking speed;loud volume, a man, high pitch sound, but his speed is no different from ordinary people
M_p-high_s-fast_e-low| ask a high-pitched man to talk fast with low volume; ask a man to speak with high pitch, fast speaking speed and low energy;A high-pitched male quickly said for us, his volume is low;A high-pitched male quickly said, his volume is low;A high-pitched male said for us, his volume is low, quickly;A high-pitched male said for us, quickly, his volume is low;A high-pitched male said quickly for us, his volume is low;A high-pitched male said, for us, quickly, his volume is low;A high-pitched man quickly said, his volume is low;A high-pitched man said quickly, his volume is low;A man said quickly, his volume is low and pitch is high;A man was asked to say with fast talking speed, his volume is low and pitch is high;Ask a high-pitched male to say quickly, his volume is low;Ask a high-pitched male to say quickly, his volume is low and pitch is high;Ask a high-pitched man to talk fast with low volume;Ask a male to quickly say, his volume is low and pitch is high;Ask a male to say quickly, his volume is low and pitch is high;Ask a man to say with a high pitch, fast speaking speed, and low energy level;Ask a man to say with a high pitch, fast speaking speed, and low energy output;Ask a man to say with fast talking speed, his volume is low and pitch is high;Ask a man to speak quickly, his volume is low and his pitch is high;Ask a man to speak with a high pitch, fast speaking speed, and low energy;Ask a man to speak with a high-pitched voice, fast talking speed, and low volume;Ask a man to speak with a high-pitched voice, fast talking speed, and low volume level;Ask a man to speak with high pitch, fast speaking speed and low energy;a high-pitched male said quickly for us, his volume is low;ask a high-pitched male to say quickly, his volume is low,
M_p-high_s-fast_e-normal| ask a high-pitched man to speak fast with normal volume; ask a high-pitched man to speak with fast speaking speed and normal energy;A high-pitched man quickly spoke to me with normal volume;A high-pitched man quickly spoke to me with normal volume and energy;A high-pitched man speaks fast with normal energy;A high-pitched man speaks fast with normal volume;A high-pitched man speaks quickly with normal volume;A high-pitched man spoke quickly to me with normal volume and energy;A high-pitched man spoke with fast speed and normal energy and volume;A high-pitched man spoke with fast speed and normal volume and energy;A high-pitched man spoke with fast speed and normal volume, and normal energy;A man speaks fast with high pitch and normal energy;Ask a high-pitched man to speak with fast speaking speed and normal energy;Ask a man to speak with a high-pitched voice, fast speaking speed, and normal energy;Ask a man to speak with high pitch, fast speaking speed and normal power;Ask a man to speak with high pitch, fast speaking speed and normal volume;He quickly said to me, the pitch is high and volume is normal;He speaks fast with a high-pitched voice and normal volume;He speaks fast with high pitch and normal volume;He speaks quickly with a high-pitched voice and normal energy;He speaks with high pitch, fast speaking speed and normal power;The high-pitched man spoke fast with normal volume;The high-pitched man spoke quickly with normal volume;The high-pitched man spoke with fast speed and normal volume;The high-pitched man spoke with normal energy and fast speed;The man with high-pitched voice speaks fast with normal volume;a high-pitched man speaks fast with normal volume;ask a man to speak with high pitch, fast speaking speed and normal power;he speaks fast with high pitch and normal energy
M_p-high_s-fast_e-high| ask a male to speak with high pitch, fast speaking speed and high volume; ask a man to speak fast with high pitch and high energy; let a man to speak quickly with high pitch and high volume;A high-pitched man speaks fast with high energy;A man speaks fast with a high pitch and high volume;A man speaks fast with high energy and a high pitch;A man speaks quickly and loudly, with a high pitch;A man speaks quickly with a high pitch and high volume;A man speaks quickly with a high-pitched voice and high volume;A man speaks quickly with high energy and a high-pitched voice;A man speaks with high energy and a high pitch, quickly and loudly;A man with a high pitch and high energy speaks fast;A man with a high pitch speaks quickly with high energy;A man with a high-pitched voice speaks fast and with high energy;A man with a high-pitched voice speaks fast and with high volume;A man with a high-pitched voice speaks quickly and with high energy;A man with a high-pitched voice speaks quickly and with high energy and volume;A man with a high-pitched voice speaks quickly and with high volume;Ask a high-pitched man to speak fast with high energy;Ask a male to speak with a high-pitched voice, fast speaking speed, and high volume;Ask a male to speak with high pitch, fast speaking speed and high volume;Ask a man to speak fast with high pitch and high energy;Ask a man to speak quickly with a high-pitched voice and high energy;Ask a man with fast speaking speed, high energy and high pitch;Command a male to speak with a high-pitched voice, fast speaking speed, and high volume;Command a man to speak quickly with a high-pitched voice and high energy;His pitch is high, the volume is high, and he speaks fast;His pitch is high, the volume is high, and he speaks quickly;His pitch is high, the volume is large, and he speaks fast;His pitch is high, the volume is large, and he speaks quickly;Inquire a male to speak with a high-pitched voice, fast speaking speed, and high volume;Instruct a male to speak with a high-pitched voice, fast speaking speed, and high volume;Instruct a man to speak fast with a high-pitched voice and high energy;Let a man to speak quickly with high pitch and high volume;Request a male to speak with a high-pitched voice, fast speaking speed, and high volume;Request a man to speak fast with a high-pitched voice and high energy;Tell a man to speak quickly with a high-pitched voice and high energy;ask a high-pitched man to speak fast with high energy;ask a man with fast speaking speed, high energy and high pitch
F_p-low_s-slow_e-low| ask a female to speak with low pitch, slow speaking speed and low energy; let a woman to talk in low pitch, slow speed and low volume;A female is asked to speak slowly with a low pitch and low volume;A female is speaking slowly with a low pitch and low volume;A female is told to speak slowly with a low pitch and low volume;A female speaks slowly in low pitch with low power;A female's pitch is low, her speaking speed is slow, and her volume is low;A female's speech is often delivered in a low pitch, at a slow speed, and with low energy;A female's tone of voice is usually characterized by its low pitch, slow speed, and low energy;A female's voice is in low volume, her pitch is low, and her speaking speed is slow;A female's voice is low, her speaking speed is slow, and her volume is low;A female's voice is low, her speech is slow, and her volume is low;A female's voice is typically characterized by its low pitch, slow speed, and low energy;A female's way of speaking is often characterized by her low pitch, slow speed, and low energy;A woman is requested to speak slowly with a low pitch and low volume;A woman's pitch is low, her speaking speed is slow, and her volume is low;A woman's voice is low, her speech is slow, and her volume is low;Ask a female to talk in a low pitch, slow speed, and low volume;Ask a woman to speak slowly with a low pitch and low volume;Her pitch is low, her speaking speed is slow, and her voice is in small volume;Her voice is in low volume, her pitch is low, and her speaking speed is slow;Instruct a female to speak slowly, with a low pitch and low volume;Let a woman speak slowly with a low pitch and a low volume;Let a woman speak slowly with a low pitch and low volume;Let a woman speak with a low pitch, slow speed, and low volume;Request a woman to speak with a low pitch, slow speed, and low volume;When a female speaks, she typically uses a low pitch, slow speed, and low energy;ask a woman to speak slowly with low pitch and low volume
F_p-low_s-slow_e-normal| ask a female person to speak slowly with low pitch and normal volume; ask a woman to speak with low pitch, slow speed and normal energy;A female is advised to speak with low pitch, slow speed and normal energy;A female is asked to speak slowly with low pitch and normal volume;A female is requested to speak with low pitch, slow speed and normal energy;A female person is asked to speak with low pitch, slow speed and normal volume;A female person is requested to speak slowly with low pitch and normal volume;A female person speaks slowly with normal volume and high pitch;A female person speaks slowly, with low pitch and normal volume;A female person speaks slowly, with normal volume and low pitch;A female person speaks with low pitch, slow speed and normal volume;A female person with low pitch speaks slowly, with normal volume;A female person with normal volume speaks slowly, with low pitch;A female speaks in high pitch but slowly with normal volume;A woman is asked to speak slowly with low pitch and normal volume;A woman is asked to speak with low pitch, slow speed and normal energy;A woman is asked to speak with low pitch, slow speed and normal volume;A woman is instructed to speak with low pitch, slow speed and normal energy;A woman is urged to speak with low pitch, slow speed and normal energy;A woman speaks slowly with low pitch and normal volume;A woman speaks slowly with normal volume and high pitch;A woman speaks with low pitch, slow speed and normal volume;A woman with low pitch speaks slowly, with normal volume;A woman with normal volume speaks slowly, with low pitch;There is a woman who speaks slowly, with normal volume and low pitch;ask a woman to speak slowly with low pitch and normal volume
F_p-low_s-slow_e-high| ask a woman to speak with high volume, low pitch and slow talking speed; let a female person to talk with low pitch, slow speaking speed and high volume;A female person should be allowed to speak with a low pitch, slow speed, and high volume;A female person should be asked to speak with a low pitch, slow speed, and high volume;A female person should be instructed to speak with a low pitch, slow speed, and high volume;A female person should be requested to speak with a low pitch, slow speed, and high volume;A female person should be told to speak with a low pitch, slow speed, and high volume;A female person should speak slowly, with low pitch and high volume;A female person speaks slowly and loudly, her pitch is low;A female should speak slowly, with low pitch and high volume;A female speaks slowly and loudly but with low pitch;A female with a low pitch and slow speaking speed spoke loudly;A woman should speak slowly, with low pitch and high volume;A woman speaks slowly and loudly, her pitch is low;A woman who speaks slowly, her pitch is low, she said loudly;A woman with a low pitch and slow speaking speed spoke loudly;A woman with a slow speaking speed, low pitch, and loud volume spoke;Ask a woman to speak slowly and loudly, her pitch is low;Ask a woman to speak slowly, her pitch is low, she said loudly;Ask a woman to speak slowly, with low pitch and high volume;Let a female person speak slowly and loudly, her pitch is low;Let a female person speak slowly, with low pitch and high volume;ask a woman to speak slowly with low pitch and high volume
F_p-low_s-normal_e-low| ask a woman to speak with low pitch, normal speed and low energy; let a female person to speak with normal speed, low pitch and low volume;A female is speaking with a low pitch, normal speed and low volume;A female is speaking with a low-pitched voice, normal speed and low volume;A female is speaking with low pitch, normal speed and low volume;A female person speaks with normal speed, low pitch and low volume;A female person with low pitch speaks with normal speed and low volume;A female speaks in low pitch with normal speed and low volume;A female voice with low pitch, normal speed and low volume is speaking;A female with a low-pitched voice and normal speed speaks at a low volume;A female with a low-pitched voice and normal speed speaks in a low volume;A female with low pitch and low volume speaks at a normal speed;A female with low pitch and normal speed speaks with low decibel level;A female with low pitch and normal speed speaks with low volume;A female with low volume speaks with normal pitch and speed;A low-pitched female voice speaks with normal speed and low volume;A low-pitched female with normal speaking speed speaks with low volume;A woman speaks with low pitch, normal speaking speed and low volume;A woman with low pitch and normal speed speaks with low amplitude;A woman with low pitch and normal speed speaks with low energy;A woman with low pitch and normal speed speaks with low intensity;A woman with low pitch speaks with normal speed and low volume;A woman with low volume speaks in low pitch and normal speed;A woman with normal speed and low volume speaks in low pitch;A woman's voice is speaking with low pitch, normal speed and low volume;Ask a woman to speak with low pitch, normal speed and low volume;Let a female person speak with normal speed, low pitch and low volume
F_p-low_s-normal_e-normal| let a woman speak with low pitch, normal speed and normal volume;A low-pitched female speaks with normal speed and normal power;Ask a low-pitched female to speak with normal speaking speed and normal energy;Converse with her in a low pitch, normal speed and normal power;Let a woman speak with low pitch, normal speed and normal volume;She articulated with her low pitch, normal speed and normal volume;She communicated with her low pitch, normal speed and normal volume;She expressed herself with her low pitch, normal speed and normal volume;She said in her normal speaking speed with low pitch and normal power;She said with her low pitch with normal talking speed and normal volume;She speaks with low pitch and normal speed;She speaks with low pitch and normal volume;She speaks with low pitch, normal speed and normal power;She speaks with low pitch, normal speed and normal volume;She speaks with normal speed and low pitch;She speaks with normal volume and low pitch;She spoke with a low pitch and normal speed;She spoke with a low pitch, normal speed and normal volume;She spoke with a low-pitched voice, normal speed and normal volume;She spoke with her low pitch, normal speed and normal volume;She spoke with her normal speaking speed, low pitch and normal power;She spoke with low pitch and normal energy;She spoke with low pitch and normal speaking speed;She spoke with low pitch and normal volume;She spoke with low pitch, normal power and normal speed;She spoke with low pitch, normal speed and normal power;She spoke with normal energy and low pitch;She spoke with normal speaking speed and low pitch;She spoke with normal speed and low pitch;She spoke with normal speed and normal volume, with a low pitch;She spoke with normal speed, low pitch and normal power;She spoke with normal speed, normal power and low pitch;She spoke with normal volume and low pitch;She talked with her low pitch, normal speed and normal volume;She talks normally with low pitch and normal speaking speed;She talks with low pitch and normal speed;She talks with low pitch and normal volume;She talks with normal speed and low pitch;She talks with normal volume and low pitch;Speak with her low pitch, normal speed and normal power;Talk to her with low pitch, normal speed and normal power;Talk with her low pitch, normal speed and normal power;ask a low-pitched female to speak with normal speaking speed and normal energy
F_p-low_s-normal_e-high|A low-pitched woman speaks loudly with normal speed and high volume;A low-pitched woman speaks with high volume and normal speaking rate;A low-pitched woman speaks with high volume and normal speed;A low-pitched woman speaks with normal speaking speed and high volume;A low-pitched woman speaks with normal speed and high energy;A low-pitched woman speaks with normal speed and high volume;A woman speaks in low pitch and high volume and normal speaking rate;A woman speaks in low pitch and high volume, normal speed;A woman speaks in low pitch and high volume, with a normal speaking rate;A woman speaks in low pitch and high volume, with normal speaking rate;A woman speaks with a low pitch, high volume, and normal speaking rate;A woman speaks with her low pitch, high volume, and normal speed;A woman speaks with low pitch and high volume, normal speed;A woman speaks with low pitch, high volume, and normal speaking rate;A woman speaks with low pitch, high volume, and normal speed;A woman with a low pitch speaks with normal speed and high volume;A woman with a low voice speaks with normal speed and high volume;A woman with a low-pitched voice speaks loudly with normal speed;A woman with a low-pitched voice speaks with normal speed and high volume;A woman with low pitch speaks at normal speed and high energy;A woman with low pitch speaks with high energy and normal speed;A woman with low pitch speaks with high volume and normal speed;A woman with low pitch speaks with normal speed and high energy;A woman with low pitch speaks with normal speed and high volume;Ask a low-pitched woman to speak loudly with normal speed;Can I inquire about a woman speaking in a low pitch, high volume and normal talking speed?;Can I request a woman to articulate words in a low pitch, high volume and normal talking speed?;Can I request a woman to speak in a low pitch, high volume and normal talking speed?;Is it possible to ask a woman to speak in a low pitch, high volume and normal talking speed?;May i ask a woman to speak in low pitch, high volume and normal talking speed;Would it be appropriate to ask a woman to speak in a low pitch, high volume and normal talking speed?;a low-pitched woman speaks with normal speaking speed and high volume;a woman speaks with low pitch, normal speaking speed and high energy;ask a low-pitched woman to say something loudly with normal speaking speed
F_p-low_s-fast_e-low| a low-pitched woman speaks with fast speaking speed and low volume; ask a woman quickly with low pitch and low power;A woman speaks quickly with a low pitch and low energy;A woman speaks with a low pitch and low energy, speaking quickly;A woman speaks with a low pitch, speaking quickly and with low energy;A woman with a low pitch and fast speaking speed speaks with low energy;A woman with a low pitch and fast speaking speed speaks with low energy and low volume;A woman with a low pitch and fast speaking speed speaks with low volume and low energy;A woman with a low pitch and low energy speaks fast;A woman with a low pitch and low energy speaks quickly;A woman with a low pitch and low volume speaks rapidly;A woman with a low pitch speaks quickly and with low energy;A woman with a low-pitched voice speaks fast and with low energy;A woman with a low-pitched voice speaks fast and with low volume;A woman with a low-pitched voice speaks quickly and with low energy;A woman with a low-pitched voice speaks quickly and with low power;A woman with a low-pitched voice speaks quickly and with low volume;Let a woman with a low pitch and fast speaking speed speak with low energy;Let a woman with a low pitch and fast speaking speed speak with low volume and low energy;a woman speaks fast with low pitch and low energy;a woman speaks rapidly with a low pitch and low volume;a woman speaks with a low pitch and low volume, but quickly;ask a woman to speak with a low pitch and low volume, but quickly;ask a woman with small volume but a low pitch and fast speaking speed;let a woman speak with a low pitch and low volume, but quickly;let a woman speaks with low pitch, fast speed and low energy
F_p-low_s-fast_e-normal| ask a low-pitched woman speaks fast with normal volume;A female person should speak with a low pitch, fast speaking speed and normal energy;A female person should speak with low pitch, fast speaking speed and normal energy;A female person should speak with low pitch, fast speaking speed and normal volume;A female person should speak with low pitch, fast talking speed and normal energy;A female person should speak with low pitch, fast talking speed and normal energy level;A female with a low pitch speaks fast with normal loudness;A female with low pitch voice speaks quickly with normal volume;A low-pitched woman speaks fast with normal volume;A woman with a low-pitched voice speaks quickly with normal decibel level;A woman with a low-pitched voice speaks rapidly with normal intensity;Ask a female person to speak with low pitch, fast speaking speed and normal volume;Her voice is characterized by a fast tempo and low pitch, with normal volume;Her voice is fast and low pitch with normal volume;She speaks in a low pitch with fast talking speed and normal power;She speaks in a low pitch, fast talking speed and normal power;She speaks in low pitch with fast talking speed and normal power;She speaks in low pitch with fast talking speed and normal volume;She speaks in low pitch with fast talking speed with normal power;She speaks in low pitch, fast talking speed and normal power;She speaks in low pitch, fast talking speed, and normal power;ask a female person to speak with low pitch, fast speaking speed and normal energy
F_p-low_s-fast_e-high|A woman speaks with a low pitch, fast speaking speed and high volume;A woman speaks with a low pitch, fast speaking speed, and high volume;A woman speaks with low pitch and fast speaking speed;A woman speaks with low pitch and high energy;A woman speaks with low pitch and high volume;A woman speaks with low pitch, fast speaking speed and high volume;A woman uses a low pitch and fast speaking speed;A woman uses a low pitch and fast speaking speed and say loudly;A woman uses a low pitch and fast speaking speed and says loudly;A woman uses a low pitch and fast speaking speed and speaks loudly;A woman uses a low pitch and high energy;A woman with a low-pitched voice speaks quickly and with high intensity;A woman with a low-pitched voice speaks quickly and with high volume;A woman with a low-pitched voice speaks rapidly and loudly;A woman with a low-pitched voice speaks rapidly and with great volume;A woman with a low-pitched voice speaks rapidly and with high energy;Ask a woman to speak fast with a low pitch and high energy;Ask a woman to speak fast with low pitch and high energy;Ask a woman to speak quickly with a low pitch and high energy;Please ask a woman to speak quickly with a low pitch and high energy;Please ask a woman to speak quickly with low pitch and high energy;This low-pitched woman speaks quickly with high volume;ask a woman to speak fast with low pitch and high energy;please ask a woman to speak quickly with low pitch and high energy;this low-pitched woman speaks quickly with high volume
F_p-normal_s-slow_e-low| let a woman speak slowly with low volume and normal pitch;ask a female person to speak slowly with low volume and normal pitch;ask a female person to speak slowly with normal pitch and low volume;ask a woman to speak slowly with low volume and normal pitch;ask a woman to speak slowly with normal pitch and low volume;ask a woman to speak with low volume and normal pitch, but slow speed;ask a woman to speak with normal pitch and low volume, but slow speed;ask a woman to speak with normal pitch but low volume and slow speed;ask a woman to speak with normal pitch, low volume and slow speaking speed;ask a woman to speak with normal pitch, low volume and slow speed;ask a woman to speak with normal pitch, slow speaking speed and low energy;ask a woman to speak with normal pitch, slow speed and low volume;ask a woman with normal pitch but low volume and slow speaking speed;ask a woman with normal pitch to speak with low volume and slow articulation;ask a woman with normal pitch to speak with low volume and slow speaking rate;ask a woman with normal pitch to speak with low volume and slow speaking speed;ask a woman with normal pitch to speak with low volume and slow speech;ask a woman with normal pitch to speak with low volume and slow talking speed;ask a woman with normal pitch to speake with low volume and slow speaking speed;let a woman speak slowly with low volume and normal pitch
F_p-normal_s-slow_e-normal| ask a woman to speak with normal pitch, normal energy and slow talking speed;Ask a female to speak with normal pitch and standard volume, despite her slow articulation speed;Ask a female to speak with normal pitch and standard volume, despite her slow rate of speech;Ask a female to speak with normal pitch and standard volume, despite her slow speaking speed;Ask a female to speak with normal pitch and standard volume, despite her slow speech rate;Ask a female to speak with normal pitch and standard volume, despite her slow talking pace;Ask a woman to speak with normal pitch and slow speaking speed and normal energy;Ask a woman to speak with normal pitch and slow speaking speed, normal energy;Ask a woman to speak with normal pitch, normal energy and slow talking speed;Ask a woman to speak with normal pitch, normal energy, slow speaking speed;Ask a woman to speak with normal pitch, slow speaking speed and normal energy;Ask a woman to speak with normal pitch, slow speaking speed, normal energy;Ask a woman to speak with normal pitch, slow talking speed and normal energy;Ask a woman to speak with slow talking speed, normal pitch and normal energy;She speaks slowly with normal power and standard pitch;She speaks slowly, with normal pitch and normal volume;She talks slowly, with normal pitch and normal volume;ask a slow speaking female to speak with normal pitch and standard volume;ask a woman to speak with normal pitch and slow speaking speed and normal energy
F_p-normal_s-slow_e-high|A female person speaks slowly and loudly with standard pitch;A female speaks slowly and loudly with standard pitch;A female speaks slowly and loudly with standard pitch, let her;Ask a female person to speak slowly and loudly with normal pitch;Ask a female to speak slowly and loudly with normal pitch;Ask a female to speak slowly and loudly with standard pitch;Ask a female to speak slowly with high volume and normal pitch;Ask a female to speak slowly with normal pitch and high volume;Ask a female to speak slowly with normal pitch and large volume;Ask a female to speak slowly, with normal pitch and loudly;Ask a female to speak with normal pitch, slow speaking speed and high volume;Ask a female to speak with normal pitch, slow speed and high volume;Ask a woman to speak slowly with normal pitch and high volume;Ask a woman to speak with normal pitch, slow speaking speed and high energy;Command a woman to speak with normal pitch, slow speaking speed and high energy;Let a female person speak slowly with normal pitch and high energy;Let a female person to speak slowly with normal pitch and high volume;Let a female to speak slowly with high volume and normal pitch;Let a woman speak slowly and loudly with normal pitch;Let a woman speak slowly and loudly with standard pitch;Let a woman speak slowly and with normal pitch, but loudly;Let a woman speak slowly with high volume and normal pitch;Let a woman speak slowly with normal pitch and high volume;Let a woman speak slowly, with normal pitch and high volume;Let a woman speak with normal pitch, slow speaking speed and high energy;Let a woman to speak slowly with normal pitch and high volume;Let us ask a woman to speak slowly but with loud voice with normal pitch;Request a female to speak slowly with normal pitch and loud volume;Request a woman to speak with normal pitch, slow speaking speed and high energy;Tell a woman to speak with normal pitch, slow speaking speed and high energy;ask a female person to talk in normal pitch, slow talking speed and high volume;ask a female to speak slowly with normal pitch and large volume;ask a woman to speak with normal pitch, slow speaking speed and high energy;let a woman to speak slowly with high volume and normal pitch;let us ask a woman to speak slowly but with loud voice with normal pitch
F_p-normal_s-normal_e-low|Ask a woman to speak with normal pitch, low volume, and normal speaking speed;Ask her to speak with normal pitch, low volume and normal speaking speed;She speaks with normal pitch, low volume and normal speaking speed;She speaks with normal pitch, low volume, and normal speaking speed;She speaks with normal pitch, low volume, and normal speaking speed, as requested;She speaks with standard pitch and normal speaking speed but with a low volume;ask a female person to speak with normal pitch, low volume and normal speaking speed;ask a woman to speak with low volume, normal pitch and normal speaking speed;ask a woman to speak with low volume, normal pitch and normal speed;ask a woman to speak with normal pitch, low volume and normal speaking speed;ask a woman to speak with normal pitch, normal speed and low energy;ask a woman to speak with normal pitch, normal speed and low volume;low volume, but her pitch is normal and she speaks with standard speed;low volume, but her speaking speed is the same as ordinary people with standard pitch;low volume, but her speech is at the same pace as regular people with standard pitch;low volume, but her speech is at the same rate as typical individuals with standard pitch;low volume, but her speed is no different from ordinary people and she speaks with normal pitch;low volume, but her speed is normal and she speaks with standard pitch;low volume, but she speaks at the same rate as typical individuals with standard pitch;low volume, but she speaks the same speed as ordinary people with normal pitch;low volume, but she speaks with normal pitch and low speed;low volume, but she speaks with normal pitch and normal speed;low volume, but she speaks with standard pitch and normal speed;low volume, but she speaks with the same pace as regular people with standard pitch
F_p-normal_s-normal_e-normal|Ask a ordinary woman to talk to me;Ask a woman to speak with normal pitch, normal speaking speed and standard volume;Ask a woman to speak with normal pitch, speaking speed and standard volume;Ask a woman to speak with standard pitch, speaking speed and energy;Ask a woman to talk in a normal speaking style, with a normal pitch, speed, and energy;Ask a woman to talk in a normal speaking style, with normal pitch, speed, and energy;Ask a woman to talk in normal speaking style, with normal pitch, speed, and energy;Ask a woman to talk to me with normal pitch, normal speaking speed and standard volume;Ask a woman to talk with a normal speaking speed, pitch and volume;Ask a woman to talk with normal pitch, normal speaking speed and standard volume;Ask a woman to talk with normal pitch, speaking speed and energy;Ask a woman to talk with normal speaking speed, pitch and volume;Let a woman speak with standard pitch, speaking speed and energy;Let a woman speaks with standard pitch, speaking speed and energy;ask a woman to talk with normal speaking speed, pitch and volume;let a woman speaks with standard pitch, speaking speed and energy
F_p-normal_s-normal_e-high|Ask a woman to speak with a loud voice, normal pitch and normal speaking speed;Ask a woman with a loud voice to speak with normal pitch and standard talking speed;Command a woman with a loud voice to speak with normal pitch and standard talking speed;I need a woman who speaks with a loud voice, normal pitch and normal speaking speed;I want a woman speaking with a loud voice, lormal pitch and normal speaking speed;I want a woman with a loud voice, normal pitch and normal speaking speed;I'm looking for a woman who speaks with a loud voice, normal pitch and normal speaking speed;Instruct a woman with a loud voice to speak with normal pitch and standard talking speed;Request a woman with a loud voice to speak with normal pitch and standard talking speed;Request a woman with a loud voice, normal pitch and normal speaking speed;Tell a woman with a loud voice to speak with normal pitch and standard talking speed;ask a female to speak with a loud voice, normal pitch and standard speaking speed;ask a female to speak with normal pitch, normal speaking speed and a lot of energy;ask a female to speak with normal pitch, normal speaking speed and enthusiasm;ask a female to speak with normal pitch, normal speaking speed and high energy;ask a female to speak with normal pitch, normal speaking speed and liveliness;ask a female to speak with normal pitch, normal speaking speed and vitality;ask a woman speaks loudly with normal pitch and standard speaking speed;ask a woman to speak with a loud voice, normal pitch and standard talking speed;ask a woman with a loud voice to speak normally with normal pitch and standard talking speed;request a female to speak with normal pitch, normal speaking speed and high energy;request a woman to speak loudly with normal pitch and standard speaking speed;tell a woman to speak loudly with normal pitch and standard speaking speed
F_p-normal_s-fast_e-low|A female person speaks quickly with normal pitch and low power;A female speaker speaks quickly with normal pitch and low power;A female voice speaks quickly with normal pitch and low power;A woman speaks with normal pitch and low power, speaking quickly;A woman's voice speaks quickly with normal pitch and low power;a woman speaks quickly with normal pitch and low power;ask a female person to speak with normal pitch, fast speaking speed and low energy;ask a female to articulate words with normal pitch, fast speed and low intensity;ask a female to speak with a fast rate, normal pitch and low energy;ask a female to speak with a quick delivery, normal pitch and low energy;ask a female to speak with a quick pace, normal pitch and low energy;ask a female to speak with fast speaking speed, normal pitch and low energy;ask a woman to articulate words with normal pitch, fast tempo and low volume level;ask a woman to speak fast with normal pitch and low volume;ask a woman to speak with normal pitch, fast pace and low decibel;ask a woman to speak with normal pitch, fast speaking speed and low volume;request a female to speak with a fast speaking speed, normal pitch and low energy;request a female to speak with a fast tempo, normal pitch and low energy;request a female to speak with normal pitch, fast rate and low amplitude;request a woman to speak quickly with normal pitch and low volume
F_p-normal_s-fast_e-normal| this woman speaks with normal power, fast talking speed and normal pitch;Ask a female to speak quickly with normal pitch and normal energy;Ask a female to speak quickly with normal pitch and normal volume;Normal pitch, this woman speaks fast with normal volume;Normal pitch, this woman speaks quickly with standard volume;She speaks with normal pitch and fast speaking speed, but with normal volume;This woman speaks quickly with normal pitch and normal volume;This woman speaks with normal pitch and fast talking speed, but with normal volume;ask a female to speak quickly with normal pitch and normal energy;normal pitch, this woman speaks fast with normal volume;normal pitch, this woman speaks quickly with normal volume;normal pitch, this woman speaks quickly with standard loudness;normal pitch, this woman speaks quickly with standard volume;this woman speaks quickly with normal pitch and normal loudness;this woman speaks quickly with normal pitch and normal volume;this woman speaks quickly with normal pitch and standard volume;this woman speaks quickly with normal pitch and volume;this woman speaks with normal pitch and fast speed;this woman speaks with normal pitch and fast talking speed;this woman speaks with normal power, fast talking speed and normal pitch;this woman speaks with normal volume and fast speaking speed
F_p-normal_s-fast_e-high|Ask a woman to speak fast with normal pitch and high energy;Ask a woman to speak fast with normal pitch and high volume;Ask a woman to speak quickly with normal pitch and high volume;Her pitch is normal, but the speed is fast, and the sound is loud;Her pitch is normal, but the speed of speech is fast, and the sound is loud;Her pitch is normal, but the speed of speech is fast, and the volume is loud;Her pitch is normal, but the speed of speech is fast, but the sound is loud;Her voice is loud, but the speed of speech is fast, and pitch is normal;Her voice is loud, but the speed of speech is fast, and the pitch is normal;Let a woman speak with normal pitch, fast speaking speed and high energy;Let a woman speak with normal pitch, fast speaking speed, and high energy;Let a woman speak with normal pitch, fast speaking speed, and high volume;ask a woman speaks quickly with normal pitch and high energy;ask a woman to speak fast with normal pitch and high volume;let a woman speak with normal pitch, fast speaking speed and high energy
F_p-high_s-slow_e-low| let a female person speak with high pitch, slow speaking speed and low volume;A female person should speak slowly, with a high-pitched voice, and low volume;A female person should speak with a high-pitched voice, slow speed, and low volume;A woman speaks slowly, with a high-pitched voice and low volume;A woman speaks slowly, with a high-pitched voice, and low energy;A woman talks in slow speaking speed, high pitch, and low energy;A woman's speech is slow, her voice is high-pitched, and her volume is low;Ask a woman to speak slowly with high pitch and low energy;Ask a woman to speak slowly, with a high-pitched voice, and low energy;Ask a woman to speak slowly, with a high-pitched voice, and low volume;Let a female person speak slowly, with a high-pitched voice, and low energy;Let a female person speak slowly, with a high-pitched voice, and low volume;Let a female person speak with high pitch, slow speaking speed and low volume;Let a woman speak slowly, with a high-pitched voice and low volume;She speaks slowly in high pitch with low volume;She speaks slowly, with a high-pitched voice and low volume;She speaks slowly, with a high-pitched voice, and her energy is low;She speaks slowly, with a high-pitched voice, and low volume;The slow speaking speed of the woman is accompanied by a high-pitched voice and a low volume;The speaking speed of this woman is slow, but her voice is high-pitched and her sound is in low volume;The speaking speed of woman is slow, but her voice is high-pitched and her sound is in low volume;The woman speaks slowly, with a high-pitched voice and low volume;The woman's high-pitched voice and low volume are balanced by her slow speaking speed;The woman's low volume and high-pitched voice are complemented by her slow speaking speed;The woman's slow speaking speed is contrasted by her high-pitched voice and low volume;The woman's voice is high-pitched and her sound is in low volume, but her speaking speed is slow;This woman speaks in a low volume, her speech is slow, but her voice is high-pitched;This woman speaks in a low volume, her speech is slow, but her voice was high pitched;This woman speaks slowly, with a high-pitched voice and low volume;This woman speaks slowly, with a high-pitched voice, and at a low volume;This woman's speech is slow, her voice is high-pitched, and her energy is low;a woman talks in slow speaking speed, high pitch, and low energy;ask a woman to speak slowly with high pitch and low energy
F_p-high_s-slow_e-normal|A woman speaks with high pitch, slow talking speed and normal power;A woman speaks with high pitch, slow talking speed and normal volume;A woman speaks with high pitch, slow talking speed, and normal volume;A woman's pitch is high, her volume is normal, and her speed is slow;Ask a woman to speak slowly with high pitch and normal energy;Ask a woman to speak slowly with high pitch and normal volume;Her pitch is high, the volume is normal, and she speaks slowly;Her pitch is high, the volume is normal, and the speed is slow;Her pitch is high, the volume is normal, but she speaks slowly;She has a normal volume, but she speaks slowly, her pitch is high;She speaks slowly, her pitch is high, and the volume is normal;She speaks slowly, her pitch is high, but the volume is normal;The volume is normal, but she speaks slowly, her pitch is high;The volume is normal, her pitch is high, and she speaks slowly;The woman's pitch is high, her volume is normal, and her speed is slow;a woman speaks with high pitch, slow talking speed and normal power;ask a woman to speak slowly with high pitch and normal energy;ask a woman to speak slowly with normal volume and high pitch
F_p-high_s-slow_e-high|ask a high-pitched female to speak slowly but loudly;A high-pitched woman speaks slowly and loudly;A lady speaks slowly and loudly with a high pitch;A woman talks loudly with a high pitch and slow speaking speed;A woman with a high-pitched voice speaks slowly and loudly;Ask a woman with a high-pitched voice to speak slowly and loudly;Ask a woman with a high-pitched voice to speak slowly and with a high volume;Request a woman with a high-pitched voice to speak slowly and at a high volume;Tell a woman with a high-pitched voice to speak slowly and loudly;Tell a woman with a high-pitched voice to speak slowly and with a high volume;The lady speaks loudly with a high pitch and the slow speaking speed;The lady speaks slowly and loudly with a high pitch;ask a high-pitched female to speak slowly and loudly;ask a high-pitched female to speak slowly and loudly with high volume;ask a high-pitched woman to speak slowly and loudly;ask a high-pitched woman to speak slowly with high volume;ask a lady to speak slowly and loudly with a high pitch;ask a lady to talk loudly at a high pitch and slow speaking speed;ask a woman to speak slowly and loudly with a high pitch;ask a woman to speak slowly with a high pitch and high volume;ask a woman to speak with a high pitch and loud volume;ask a woman to speak with a high pitch and slow speaking speed;ask a woman to speak with a high pitch and slow speed;ask a woman to speak with high pitch, slow speaking speed and high power;ask a woman to speak with high volume and a high pitch;ask a woman to talk in slow speaking speed with high pitch and high volume
F_p-high_s-normal_e-low| ask a high-pitched female to speak with normal speed and low power; ask a woman to speak with high pitch, normal speaking speed and low energy;A female with a high-pitched voice speaks at a normal speed and low volume;A female with a high-pitched voice speaks at normal speed and low power;A lady with a high-pitched voice speaks at normal speed and low volume;A woman's voice is in high pitch, normal speed and low energy;A woman's voice is in high pitch, normal speed and low power;A woman's voice is in high pitch, normal speed and low volume;A woman's voice is in low volume, but the pitch is high and speed is normal;Ask a female to speak with low volume, normal talking speed and high pitch;Ask a high-pitched female to speak with normal speed and low power;Ask a lady to speak with low volume, normal talking speed and high pitch;Ask a woman to speak with high pitch, normal speaking speed and low energy;Ask a woman to speak with high pitch, normal speaking speed and low volume;Ask a woman to speak with high pitch, normal speed and low energy;Ask a woman to speak with low volume, normal talking speed and high pitch;She speaks in a high pitch with normal speed and low volume;She speaks in high pitch with normal speed and low energy;She speaks in high pitch with normal speed and low volume;ask a lady to speak with low volume, normal talking speed and high pitch
F_p-high_s-normal_e-normal|A female person speaks in high pitch with normal speed and standard volume;A female person speaks in high pitch with standard speaking speed and normal power;A female person speaks with high pitch and normal speed;A female person speaks with high pitch, normal speed, and standard volume;A female person speaks with normal volume and high pitch;A female speaks in high pitch with normal volume and standard speed;A female speaks normally in high pitch;A female voice is characterized by high pitch, normal speed, and standard volume;A female voice speaks in high pitch with standard speaking speed and normal power;A female with a high-pitched voice speaks at a normal speed and with standard energy;A female with a high-pitched voice speaks with normal power and ordinary speed;A female's voice is often described as having high pitch, normal speed, and standard volume;A high-pitched female voice speaks with normal speed and standard energy;A high-pitched woman speaks with normal power and ordinary speed;A high-pitched woman speaks with normal speed and standard energy;A woman speaks in high pitch with normal energy and standard speed;A woman speaks in high pitch with normal speaking speed and standard volume;A woman speaks in high pitch with standard speaking speed and normal power;A woman speaks with high pitch, normal speed, and standard volume;A woman speaks with normal speed and high pitch;A woman with a high-pitched voice speaks with normal power and ordinary speed;A woman with a high-pitched voice speaks with normal speed and standard energy;A woman's voice is typically characterized by high pitch, normal speed, and standard volume;A woman's voice speaks in high pitch with standard speaking speed and normal power;She speaks in high pitch with normal speed and standard volume;ask a high-pitched woman to speak with normal power and ordinary speaking speed;ask a high-pitched woman to speak with normal speaking speed and standard energy;let a female person speak with normal volume, normal talking speed and high pitch
F_p-high_s-normal_e-high| let a female speak with high pitch, normal speed and high energy;A female says with a large volume, high pitch and standard speed;A female speaks loudly with high pitch and normal speed;A female voice with high pitch and loud volume spoke at a normal speed;A female with a high-pitched voice speaks loudly and at a normal speed;A female with a high-pitched voice speaks loudly and with normal speed;A female with a high-pitched voice speaks loudly at a normal speed;A female with a high-pitched voice speaks loudly with normal speed;A female with a high-pitched voice spoke loudly and at a normal pace;A female with a high-pitched voice spoke loudly and at a normal speed;A female with a high-pitched voice spoke loudly and at a standard speed;A female with a loud voice speaks with high pitch and normal speed;A female with high pitch speaks loudly with high energy;A female with high pitch speaks loudly with normal speed;A female with high pitch speaks with normal speed and high energy;A female with high pitch speaks with normal speed and loud volume;A high-pitched female said in a loud voice with normal speaking speed;A high-pitched female speaks in a loud voice with normal speaking speed;A high-pitched female speaks loudly with normal speaking speed;A high-pitched female voice speaks loudly and at a normal speed;A woman with a high-pitched voice speaks loudly and at a normal speed;A woman with a high-pitched voice spoke loudly and at a normal speed;A woman with high-pitched voice speaks loudly with normal speed;Let a female speak with high pitch, normal speed and high energy;She speaks loudly in high pitch with normal speed;ask a high-pitched woman speaks loudly with normal talking speed
F_p-high_s-fast_e-low|A woman with a high-pitched voice speaks quickly, but her volume is low;A woman with a high-pitched voice speaks quickly, but the volume is not high;A woman with a high-pitched voice speaks quickly, but the volume is not high enough;A woman with a high-pitched voice speaks quickly, but the volume is not loud;A woman with a high-pitched voice speaks quickly, but the volume is not loud enough;Advise a woman with a high-pitched voice to speak quickly and with a low sound level;Ask a woman to speak quickly with a high pitch and low volume;Ask a woman to speak with a high pitch and fast speed, but keep the volume low;Ask a woman to speak with a high pitch and fast speed, but with a low volume;Command a woman to speak with a high pitch and fast pace, but with a low volume output;Command a woman with a high-pitched voice to speak quickly and with a low sound level;Direct a woman to talk with a high-pitched voice and fast speaking speed, but with a low energy level;Direct a woman with a high-pitched voice to speak fast and with a low volume;Instruct a woman to speak in a high pitch and fast manner, but with a low volume output;Instruct a woman to speak with high pitch, fast speed and low volume;Instruct a woman with a high-pitched voice to speak rapidly and at a low volume;Let a female with a high-pitched voice speak fast and with low volume;Let a woman with a high pitch speak fast but the sound volume is not high;Let a woman with a high-pitched voice speak quickly and quietly;Request a woman to speak in high pitch and fast speed with low volume;Request a woman to talk with a high-pitched voice and fast pace, but with a low energy level;Request a woman with a high-pitched voice to speak quickly and quietly;She speaks with a high pitch and fast speaking speed, but the volume is low;She speaks with a high-pitched voice, fast speed, and low volume;She speaks with high pitch and fast speaking speed and low volume;Tell a female to speak quickly with a high pitch and low energy;ask a high-pitched woman to speak fast with low volume;ask a woman to talk in high pitch, fast speaking speed and low energy;let a female speak quickly with high pitch and low power
F_p-high_s-fast_e-normal|A female with a high-pitched voice speaking fast and at a normal volume;A female with a high-pitched voice speaking quickly and at a normal volume;A high-pitched female voice speaking quickly and at a normal volume;A high-pitched female voice speaks quickly at a normal volume;A high-pitched female voice speaks quickly with a normal volume level;A high-pitched female voice speaks quickly with normal volume;A high-pitched female voice with a fast speaking speed and normal volume;A woman with a high-pitched voice speaking quickly and at a normal volume;A woman with a high-pitched voice speaks fast with a normal volume;A woman with a high-pitched voice speaks fast with normal volume;a high-pitched woman speaks fast with normal volume;a high-pitched woman, fast speaking speed, normal volume;a quick speaking speed and high pitch sound, normal volume, woman;a quick speaking speed, high pitch, normal volume, woman;ask a female to speak with high pitch, fast speed and normal volume;ask a female to speak with high pitch, fast talking and normal energy;ask a female to speak with high pitch, fast talking and normal volume;ask a female to speak with high pitch, fast talking speed and normal volume;ask a female to speak with high pitch, quick speed and normal volume;ask a high-pitched lady to speak fast with normal volume;ask a woman to speak quickly with high pitch and normal energy;ask a woman to speak quickly with high pitch and normal volume;fast speed, high pitch, normal volume, female;fast talking speed, high pitch, normal volume, female;high pitch, fast speaking speed, normal volume, female;high pitch, fast speed, normal volume female;high pitch, fast speed, normal volume, female;high pitch, fast speed, normal volume, woman
F_p-high_s-fast_e-high| let a woman speak with high pitch, fast speaking speed and high volume;Ask a high-pitched woman to speak fast with high energy;Ask a high-pitched woman to speak quickly with large volume;Ask a high-pitched woman with a loud voice to speak quickly;Ask a high-pithced woman with a loud voice to speak quickly;Ask a woman with a loud voice to say quickly, her pitch is high;Ask a woman with a loud voice to speak quickly, her pitch is high;Let a high-pitched female person talk in fast speaking speed, high pitch and high volume;Let a woman speak with high pitch, fast speaking speed and high volume;ask a high-pitched woman to speak fast with high energy;ask a high-pitched woman to speak quckly with large volume;ask a woman with a loud voice to say quickly, her pitch is high;let a high-pitched female person talk in fast speaking speed, high pitch and high volume
